{"cameraMode":{"drawMode":0,"name":"Shaded","section":"Shading Mode"},"sceneLighting":true,"audioPlay":false,"sceneViewState":{"showFog":false,"showMaterialUpdate":false,"showSkybox":false,"showFlares":false,"showImageEffects":false,"showParticleSystems":true},"in2DMode":false,"pivot":{"x":1.6584014892578126,"y":0.5624802112579346,"z":-0.6907281875610352},"rotation":{"x":-0.1892743706703186,"y":0.6959178447723389,"z":-0.19846512377262116,"w":-0.6636916399002075},"size":7.207383155822754,"orthographic":false}